Workbook

Sheet Instructions
A1: ACCT 2102 — Analytics Exercise 1: Cost Estimation
A2: Pearson Specialty Foods, Inc.
A4: Setting
B5: You are a financial analyst at Pearson Specialty Foods, a contract food manufacturer that produces packaged snacks for grocery and CPG clients. Allergen controls require a full sanitation between every product run. The operations team has provided 24 months of historical data, and your manager wants you to build a model of monthly indirect labor cost so it can be predicted for next year's budget — and used to evaluate a possible plant expansion.
A7: How to work this exercise
B8: Work through the four Step tabs in order, using the data on the Data tab. Each Step tab includes a short prompt, a scaffold for your work, and labeled cells (highlighted yellow) where your final answers should land. When you're finished, complete the Answer Sheet tab — each answer there should be a formula linking back to a cell on a Step tab (e.g., ='Step 2'!E12). Do not retype values into the Answer Sheet — link to your work.
A10: Step 1 — Identify the cost driver
B11: The data dump contains five candidate cost drivers. For each, build a scatter plot against indirect labor cost and compute the correlation coefficient. Decide which driver best explains the cost — defend your choice using (a) the visual fit of the scatter plot, (b) the correlation, and (c) whether the relationship makes economic sense for this kind of business.
A13: Step 2 — Estimate the cost function
B14: Using your chosen driver from Step 1, estimate a linear cost function Y = a + bX with regression. Report the fixed cost, variable cost, and R². Then estimate the same cost function with the high-low method. Compare and discuss why the two methods can give different answers.
A16: Step 3 — Predict costs
B17: Use your Step 2 regression cost function to predict indirect labor at three batch volumes: 75, 175, and 250. For each, comment on whether the prediction is reliable given the historical relevant range.
A19: Step 4 — Plant expansion scenario
B20: Pearson is considering a plant expansion: monthly fixed indirect labor would rise by 20% (more supervisors, more facility overhead) and variable indirect labor would fall by 10% (better automation reduces per-batch sanitation labor). The new relevant range would be 125 to 300 batches per month. Plot the current and expanded cost functions on the same chart. Solve for the indifference batch volume Q*. Then make a recommendation: if next year's forecast is 240 batches/month, should Pearson expand?
A22: A note on Excel tools
B23: You will need: scatter plots (Insert → Chart → Scatter), CORREL or PEARSON for correlations, SLOPE / INTERCEPT / RSQ for regression (or the Data Analysis ToolPak's Regression tool), and MAX / MIN / INDEX / MATCH for the high-low method. Step 4 also asks you to plot two cost functions on one chart — the Step 4 tab walks you through how.
A25: Submission
B26: Submit this workbook with the Answer Sheet tab completed. Grading reads only that tab, so every numeric answer must be a formula reference to a cell in your Step tab work.

Sheet Data
A1: Pearson Specialty Foods — Operating Data Dump (24 months)
A2: Source: Operations Data Warehouse, January 2024 – December 2025
A3: Month | B3: Batches | C3: Units (cases) | D3: Machine Hours | E3: Direct Labor Hours | F3: Raw Material (lbs) | G3: Indirect Labor Cost
A4: Jan-2024 | B4: 112 | C4: 67200 | D4: 1241 | E4: 3924 | F4: 804661 | G4: 43383
A5: Feb-2024 | B5: 142 | C5: 93152 | D5: 1676 | E5: 5620 | F5: 1117113 | G5: 42912
A6: Mar-2024 | B6: 118 | C6: 63956 | D6: 1153 | E6: 4129 | F6: 768189 | G6: 42392
A7: Apr-2024 | B7: 78 | C7: 33462 | D7: 672 | E7: 2098 | F7: 401898 | G7: 33613
A8: May-2024 | B8: 117 | C8: 53118 | D8: 1279 | E8: 3213 | F8: 636670 | G8: 41156
A9: Jun-2024 | B9: 149 | C9: 49915 | D9: 1238 | E9: 2567 | F9: 598877 | G9: 49323
A10: Jul-2024 | B10: 150 | C10: 74250 | D10: 1528 | E10: 4118 | F10: 890270 | G10: 52560
A11: Aug-2024 | B11: 142 | C11: 90312 | D11: 1654 | E11: 5122 | F11: 1082192 | G11: 47836
A12: Sep-2024 | B12: 138 | C12: 79626 | D12: 1614 | E12: 4267 | F12: 954985 | G12: 49125
A13: Oct-2024 | B13: 91 | C13: 60242 | D13: 1141 | E13: 3647 | F13: 723149 | G13: 38557
A14: Nov-2024 | B14: 35 | C14: 16800 | D14: 314 | E14: 1450 | F14: 200255 | G14: 30000
A15: Dec-2024 | B15: 76 | C15: 25612 | D15: 658 | E15: 1432 | F15: 309033 | G15: 34751
... A27: Dec-2025 | B27: 152 | C27: 51224 | D27: 1227 | E27: 2751 | F27: 613952 | G27: 48799
A29: Tip: When building scatter plots and regressions on other tabs, reference cells on this tab. For example, the batches column is 'Data'!B4:B27 and the indirect labor cost column is 'Data'!G4:G27.

Sheet Step 1
A1: Step 1 — Identify the Cost Driver
A2: Build a scatter plot for each candidate driver against indirect labor cost. Compute the correlation coefficient between each driver and the cost. Then make your call: which driver best explains the variation in indirect labor cost?
A4: 1A — Correlation table
B5: Candidate cost driver | C5: Correlation (r) with IL | D5: R²
B6: Batches
B7: Units (cases)
B8: Machine Hours
B9: Direct Labor Hours
B10: Raw Material (lbs)
B11: Use =CORREL(driver_range, IL_range). For R² use =RSQ(IL_range, driver_range), or simply square the correlation. The IL range is Data!G4:G27.
A13: 1B — Scatter plots
A14: Insert one scatter plot for each candidate driver (X = driver, Y = indirect labor cost). Place them anywhere on this tab. Use Insert → Chart → Scatter, then drag your data ranges from the Data tab. Add chart titles and axis labels.
B16: [ Insert scatter plot here: X = Batches Y = Indirect Labor Cost ] | F16: [ Insert scatter plot here: X = Units (cases) Y = Indirect Labor Cost ] | J16: [ Insert scatter plot here: X = Machine Hours Y = Indirect Labor Cost ]
B30: [ Insert scatter plot here: X = Direct Labor Hours Y = Indirect Labor Cost ] | F30: [ Insert scatter plot here: X = Raw Material (lbs) Y = Indirect Labor Cost ]
A44: 1C — Your decision
B45: Best cost driver:
B47: Defend your choice in 1–2 sentences (visual fit, correlation, economic logic):

Sheet Step 2
A1: Step 2 — Estimate the Cost Function
A2: Using the cost driver you selected in Step 1, estimate a linear cost function Y = a + bX two ways: with simple regression (SLOPE / INTERCEPT / RSQ), and with the high-low method. Then compare them.
A4: 2A — Simple regression
B5: Driver range (X): | D5: (e.g., Data!B4:B27)
B6: IL range (Y): | C6: Data!G4:G27 | D6: (this is fixed — IL is always Y)
B8: Estimated variable cost (slope, b):
B9: Estimated fixed cost (intercept, a):
B10: R² (coefficient of determination):
B12: Cost equation in plain English:
B13: Indirect Labor = $______ + $______ × ______
B15: Hints: =SLOPE(Y, X) gives b; =INTERCEPT(Y, X) gives a; =RSQ(Y, X) gives R². Or run Data → Data Analysis → Regression for the full output.
A17: 2B — High-low method
A18: Identify the months with the highest and lowest values of your chosen driver. Use those two points to estimate variable cost and fixed cost.
C20: Driver value (X) | D20: IL value (Y)
B21: High month:
B22: Low month:
B24: High-low variable cost (b):
B25: High-low fixed cost (a):
B27: Hints: For the high/low values, =MAX(driver_range) and =MIN(driver_range) get the X values; pair with =INDEX(Data!G4:G27, MATCH(MAX(driver), driver_range, 0)) to pull the matching IL value. Then b = ΔY / ΔX, and a = Y − b·X at either anchor.
A29: 2C — Compare the two methods
A30: Why might regression and the high-low method give different answers? (2–3 sentences. Hint: look closely at the November 2024 row in the data — what's going on with that month?)

Sheet Step 3
A1: Step 3 — Predict Costs
A2: Use your regression cost function from Step 2A to predict indirect labor cost at three batch volumes: 75, 175, and 250. Reference the slope and intercept cells from Step 2 rather than retyping the numbers.
A4: 3A — Predicted indirect labor cost
B5: Batches (X) | C5: Predicted IL (Y)
B6: 75
B7: 175
B8: 250
B10: Hint: Predicted Y = intercept + slope × X. Reference your Step 2 cells, e.g., ='Step 2'!C9 + 'Step 2'!C8 × 75.
A12: 3B — Reliability of the predictions
A13: The historical data on the Data tab spans batch volumes from roughly 35 to 190. Which of your three predictions are inside that range, and which require extrapolation? How confident should you be in each?

Sheet Step 4
A1: Step 4 — Plant Expansion Scenario
A2: Pearson is considering an expansion. Under the expansion: monthly fixed indirect labor would rise by 20% (more supervisors, larger facility), and variable indirect labor would fall by 10% (better automation reduces per-batch sanitation labor). The new relevant range would be 125 to 300 batches per month.
A4: 4A — New cost function under expansion
B5: New fixed cost (a' = 1.20 × Step 2 a):
B6: New variable cost (b' = 0.90 × Step 2 b):
A8: 4B — Build the comparison chart
A9: Plot both cost functions (current and expanded) on the same scatter chart, with batches on the x-axis and indirect labor cost on the y-axis. Use the new relevant range (125 to 300) as your x-axis bounds. Steps:
B10: 1. In the table below, fill the X column with batch values from 125 to 300 in steps of 25.
B11: 2. Fill the 'Current cost' column using your Step 2A regression (= a + b × X).
B12: 3. Fill the 'Expanded cost' column using your 4A new cost function (= a' + b' × X).
B13: 4. Select all three columns including the headers; Insert → Chart → Scatter with Smooth Lines.
B14: 5. Add a chart title ("Current vs. Expanded Cost Functions"), x-axis title ("Batches per month"), and y-axis title ("Indirect Labor Cost ($)"). The two lines should cross at Q*.
B16: Batches (X) | C16: Current cost | D16: Expanded cost
B17: 125
B18: 150
B19: 175
B20: 200
B21: 225
B22: 250
B23: 275
B24: 300
A27: 4C — Indifference batch volume Q*
A28: Solve algebraically for Q*, the batch volume where current and expanded total costs are equal. Set the two cost functions equal to each other and solve for X: a + bX = a' + b'X ⟹ Q* = (a' − a) / (b − b')
B30: Indifference Q* (batches):
B31: Total cost at Q* (use either function — should match):
A34: 4D — Recommendation at 240 batches/month
A35: If next year's forecast is 240 batches/month, which cost structure is cheaper and by how much?
B37: Current cost at 240 batches:
B38: Expanded cost at 240 batches:
B39: Cheaper at 240:
A41: In 1–3 sentences, what would you recommend Pearson do, and what additional information would you want before making a final call?

Sheet Answer Sheet
A1: Answer Sheet — link your final answers here
A2: Each cell in column D should be a FORMULA that links to the cell on a Step tab where your answer lives. Example: ='Step 2'!C8 (do not retype the value). Grading reads only this tab. Text answers (like the cost driver name in 1.1, or Current/Expanded in 4.5) should also be linked from the Step tab.
B4: # | C4: Question | D4: Your Answer (link) | E4: Points
B5: 1.1 | C5: Best cost driver (text) | D5: ='ANSWER KEY'!D5 -> Batches | E5: 10
B6: 1.2 | C6: Correlation (r) with best driver | D6: ='ANSWER KEY'!D6 -> 0.95037413 | E6: 5
B7: 2.1 | C7: Estimated variable cost b (slope) | D7: ='ANSWER KEY'!D7 -> 203.28951 | E7: 8
B8: 2.2 | C8: Estimated fixed cost a (intercept) | D8: ='ANSWER KEY'!D8 -> 19478.859 | E8: 8
B9: 2.3 | C9: R² of the regression | D9: ='ANSWER KEY'!D9 -> 0.903211 | E9: 5
B10: 2.4 | C10: High-low variable cost | D10: ='ANSWER KEY'!D10 -> 201.01307 | E10: 5
B11: 2.5 | C11: High-low fixed cost | D11: ='ANSWER KEY'!D11 -> 22964.542 | E11: 5
B12: 3.1 | C12: Predicted IL at 75 batches | D12: ='ANSWER KEY'!D12 -> 34725.572 | E12: 5
B13: 3.2 | C13: Predicted IL at 175 batches | D13: ='ANSWER KEY'!D13 -> 55054.523 | E13: 5
B14: 3.3 | C14: Predicted IL at 250 batches | D14: ='ANSWER KEY'!D14 -> 70301.236 | E14: 5
B15: 4.1 | C15: New fixed cost (post-expansion) | D15: ='ANSWER KEY'!D15 -> 23374.631 | E15: 5
B16: 4.2 | C16: New variable cost (post-expansion) | D16: ='ANSWER KEY'!D16 -> 182.96056 | E16: 5
... B19: 4.5 | C19: Cheaper at 240 (Current/Expanded) | D19: ='ANSWER KEY'!D19 -> Expanded | E19: 7
C21: TOTAL POSSIBLE POINTS | E21: =SUM(E5:E19) -> 100

Sheet ANSWER KEY
A1: ANSWER KEY (instructor only)
A2: All values are computed via formulas off the Data tab. Edit the data and the key will recalculate automatically. Grading tolerance bands live on the Grading tab.
B4: # | C4: Question | D4: Expected Answer | E4: Tolerance
B5: 1.1 | C5: Best cost driver (text) | D5: Batches | E5: exact
B6: 1.2 | C6: Correlation (r) with best driver | D6: =CORREL(Data!B4:B27,Data!G4:G27) -> 0.95037413 | E6: ±0.005
B7: 2.1 | C7: Estimated variable cost b (slope) | D7: =SLOPE(Data!G4:G27,Data!B4:B27) -> 203.28951 | E7: ±$2.00
B8: 2.2 | C8: Estimated fixed cost a (intercept) | D8: =INTERCEPT(Data!G4:G27,Data!B4:B27) -> 19478.859 | E8: ±$300
B9: 2.3 | C9: R² of the regression | D9: =RSQ(Data!G4:G27,Data!B4:B27) -> 0.903211 | E9: ±0.005
B10: 2.4 | C10: High-low variable cost | D10: =(INDEX(Data!G4:G27,MATCH(MAX(Data!B4:B27),Data!B4:B27,0))-INDEX(Data!G4:G27,MATCH(MIN(Data!B4:B27),Data!B4:B27,0)))/(MAX(Data!B4:B27)-MIN(Data!B4:B27)) -> 201.01307 | E10: ±$2.00
B11: 2.5 | C11: High-low fixed cost | D11: =INDEX(Data!G4:G27,MATCH(MAX(Data!B4:B27),Data!B4:B27,0))-((INDEX(Data!G4:G27,MATCH(MAX(Data!B4:B27),Data!B4:B27,0))-INDEX(Data!G4:G27,MATCH(MIN(Data!B4:B27),Data!B4:B27,0)))/(MAX(Data!B4:B27)-MIN(Data!B4:B27)))*MAX(Data!B4:B27) -> 22964.542 | E11: ±$300
B12: 3.1 | C12: Predicted IL at 75 batches | D12: =INTERCEPT(Data!G4:G27,Data!B4:B27)+SLOPE(Data!G4:G27,Data!B4:B27)*75 -> 34725.572 | E12: ±$300
B13: 3.2 | C13: Predicted IL at 175 batches | D13: =INTERCEPT(Data!G4:G27,Data!B4:B27)+SLOPE(Data!G4:G27,Data!B4:B27)*175 -> 55054.523 | E13: ±$300
B14: 3.3 | C14: Predicted IL at 250 batches | D14: =INTERCEPT(Data!G4:G27,Data!B4:B27)+SLOPE(Data!G4:G27,Data!B4:B27)*250 -> 70301.236 | E14: ±$300
B15: 4.1 | C15: New fixed cost (post-expansion) | D15: =1.2*INTERCEPT(Data!G4:G27,Data!B4:B27) -> 23374.631 | E15: ±$300
B16: 4.2 | C16: New variable cost (post-expansion) | D16: =0.9*SLOPE(Data!G4:G27,Data!B4:B27) -> 182.96056 | E16: ±$2.00
B17: 4.3 | C17: Indifference Q* (batches) | D17: =(1.2*INTERCEPT(Data!G4:G27,Data!B4:B27)-INTERCEPT(Data!G4:G27,Data!B4:B27))/(SLOPE(Data!G4:G27,Data!B4:B27)-0.9*SLOPE(Data!G4:G27,Data!B4:B27)) -> 191.63664 | E17: ±2.0
B18: 4.4 | C18: Total cost at Q* | D18: =INTERCEPT(Data!G4:G27,Data!B4:B27)+SLOPE(Data!G4:G27,Data!B4:B27)*((1.2*INTERCEPT(Data!G4:G27,Data!B4:B27)-INTERCEPT(Data!G4:G27,Data!B4:B27))/(SLOPE(Data!G4:G27,Data!B4:B27)-0.9*SLOPE(Data!G4:G27,Data!B4:B27))) -> 58436.577 | E18: ±$300
B19: 4.5 | C19: Cheaper at 240 (Current/Expanded) | D19: Expanded | E19: exact

Sheet Grading
A1: Grading — auto-checks Answer Sheet against expected
A2: Drop a student-completed workbook on top of this template (or import their Answer Sheet values) and this tab will score it automatically using tolerance bands from the ANSWER KEY tab.
B4: # | C4: Question | D4: Expected | E4: Student | F4: Diff | G4: Pass? | H4: Pts
B5: 1.1 | C5: Best cost driver (text) | D5: ='ANSWER KEY'!D5 -> Batches | E5: ='Answer Sheet'!D5 -> Batches | G5: =IF(IFERROR(EXACT(TRIM(LOWER(D5)),TRIM(LOWER(E5))),FALSE()),"Pass","Fail") -> Pass | H5: =IF(G5="Pass",10,0) -> 10
B6: 1.2 | C6: Correlation (r) with best driver | D6: ='ANSWER KEY'!D6 -> 0.95037413 | E6: ='Answer Sheet'!D6 -> 0.95037413 | F6: =IFERROR(E6-D6,NA()) -> 0 | G6: =IF(IFERROR(ABS(E6-D6)<=0.005,FALSE()),"Pass","Fail") -> Pass | H6: =IF(G6="Pass",5,0) -> 5
B7: 2.1 | C7: Estimated variable cost b (slope) | D7: ='ANSWER KEY'!D7 -> 203.28951 | E7: ='Answer Sheet'!D7 -> 203.28951 | F7: =IFERROR(E7-D7,NA()) -> 0 | G7: =IF(IFERROR(ABS(E7-D7)<=2,FALSE()),"Pass","Fail") -> Pass | H7: =IF(G7="Pass",8,0) -> 8
B8: 2.2 | C8: Estimated fixed cost a (intercept) | D8: ='ANSWER KEY'!D8 -> 19478.859 | E8: ='Answer Sheet'!D8 -> 19478.859 | F8: =IFERROR(E8-D8,NA()) -> 0 | G8: =IF(IFERROR(ABS(E8-D8)<=300,FALSE()),"Pass","Fail") -> Pass | H8: =IF(G8="Pass",8,0) -> 8
B9: 2.3 | C9: R² of the regression | D9: ='ANSWER KEY'!D9 -> 0.903211 | E9: ='Answer Sheet'!D9 -> 0.903211 | F9: =IFERROR(E9-D9,NA()) -> 0 | G9: =IF(IFERROR(ABS(E9-D9)<=0.005,FALSE()),"Pass","Fail") -> Pass | H9: =IF(G9="Pass",5,0) -> 5
B10: 2.4 | C10: High-low variable cost | D10: ='ANSWER KEY'!D10 -> 201.01307 | E10: ='Answer Sheet'!D10 -> 201.01307 | F10: =IFERROR(E10-D10,NA()) -> 0 | G10: =IF(IFERROR(ABS(E10-D10)<=2,FALSE()),"Pass","Fail") -> Pass | H10: =IF(G10="Pass",5,0) -> 5
B11: 2.5 | C11: High-low fixed cost | D11: ='ANSWER KEY'!D11 -> 22964.542 | E11: ='Answer Sheet'!D11 -> 22964.542 | F11: =IFERROR(E11-D11,NA()) -> 0 | G11: =IF(IFERROR(ABS(E11-D11)<=300,FALSE()),"Pass","Fail") -> Pass | H11: =IF(G11="Pass",5,0) -> 5
B12: 3.1 | C12: Predicted IL at 75 batches | D12: ='ANSWER KEY'!D12 -> 34725.572 | E12: ='Answer Sheet'!D12 -> 34725.572 | F12: =IFERROR(E12-D12,NA()) -> 0 | G12: =IF(IFERROR(ABS(E12-D12)<=300,FALSE()),"Pass","Fail") -> Pass | H12: =IF(G12="Pass",5,0) -> 5
B13: 3.2 | C13: Predicted IL at 175 batches | D13: ='ANSWER KEY'!D13 -> 55054.523 | E13: ='Answer Sheet'!D13 -> 55054.523 | F13: =IFERROR(E13-D13,NA()) -> 0 | G13: =IF(IFERROR(ABS(E13-D13)<=300,FALSE()),"Pass","Fail") -> Pass | H13: =IF(G13="Pass",5,0) -> 5
B14: 3.3 | C14: Predicted IL at 250 batches | D14: ='ANSWER KEY'!D14 -> 70301.236 | E14: ='Answer Sheet'!D14 -> 70301.236 | F14: =IFERROR(E14-D14,NA()) -> 0 | G14: =IF(IFERROR(ABS(E14-D14)<=300,FALSE()),"Pass","Fail") -> Pass | H14: =IF(G14="Pass",5,0) -> 5
B15: 4.1 | C15: New fixed cost (post-expansion) | D15: ='ANSWER KEY'!D15 -> 23374.631 | E15: ='Answer Sheet'!D15 -> 23374.631 | F15: =IFERROR(E15-D15,NA()) -> 0 | G15: =IF(IFERROR(ABS(E15-D15)<=300,FALSE()),"Pass","Fail") -> Pass | H15: =IF(G15="Pass",5,0) -> 5
B16: 4.2 | C16: New variable cost (post-expansion) | D16: ='ANSWER KEY'!D16 -> 182.96056 | E16: ='Answer Sheet'!D16 -> 182.96056 | F16: =IFERROR(E16-D16,NA()) -> 0 | G16: =IF(IFERROR(ABS(E16-D16)<=2,FALSE()),"Pass","Fail") -> Pass | H16: =IF(G16="Pass",5,0) -> 5
B17: 4.3 | C17: Indifference Q* (batches) | D17: ='ANSWER KEY'!D17 -> 191.63664 | E17: ='Answer Sheet'!D17 -> 191.63664 | F17: =IFERROR(E17-D17,NA()) -> 0 | G17: =IF(IFERROR(ABS(E17-D17)<=2,FALSE()),"Pass","Fail") -> Pass | H17: =IF(G17="Pass",14,0) -> 14
B18: 4.4 | C18: Total cost at Q* | D18: ='ANSWER KEY'!D18 -> 58436.577 | E18: ='Answer Sheet'!D18 -> 58436.577 | F18: =IFERROR(E18-D18,NA()) -> 0 | G18: =IF(IFERROR(ABS(E18-D18)<=300,FALSE()),"Pass","Fail") -> Pass | H18: =IF(G18="Pass",8,0) -> 8
B19: 4.5 | C19: Cheaper at 240 (Current/Expanded) | D19: ='ANSWER KEY'!D19 -> Expanded | E19: ='Answer Sheet'!D19 -> Expanded | G19: =IF(IFERROR(EXACT(TRIM(LOWER(D19)),TRIM(LOWER(E19))),FALSE()),"Pass","Fail") -> Pass | H19: =IF(G19="Pass",7,0) -> 7
C21: TOTAL | H21: =SUM(H5:H20) -> 100
C22: PERCENT | H22: =H21/100 -> 1
